"Text file 71, 72",,,,,,,,,,,,
Data at 192,,,,,,,,,Range,,,
ID,Name,Cooldown,Effect 1,Effect 2,"Durability (Lv 1, 2, 3)",,,Might,type,Effective,Description,Japanese name
00,Wrath Strike,10,Guard Break,---,10,8,6,Small,0A,---,Perform a powerful sword attack.,剛撃
01,Beast Fang,20,---,"Cannot Guard, Heal",20,18,16,Large,0A,Cavalry,Absorb a portion of inflicted damage as HP. Damage dealt will increase with Mag.,獣牙
02,Windsweep,15,Wind,---,15,13,11,Medium,05,---,Generate a cyclone.,風薙ぎ
03,Firesweep,15,Fire,---,15,13,11,Medium,05,---,Generate a fiery cyclone.,火薙ぎ
04,Shadowblade,10,Dark,---,10,8,6,Small,01,---,Lash at foes with a dark magic-based sword attack. Deals damage based on Mag.,影刃
05,Iceblade,10,Ice,---,10,8,6,Small,01,---,Lash at foes with an ice magic-based sword attack. Deals damage based on Mag.,氷刃
06,Lightblade,10,Light,Heal,10,8,6,Small,01,---,Absorb a portion of inflicted damage as HP. Deals damage based on Mag.,光刃
07,Grounder,10,---,---,10,8,6,Small,05,Flying,Strike swiftly with a trio of slashes.,燕返し
08,Electric Grounder,15,Lightning,---,15,13,11,Medium,05,---,Strike with a trio of lightning-charged slashes.Deals damage based on Mag.,紫電
09,Finesse Blade,15,---,---,15,13,11,Medium,0A,---,Strike the surrounding area with blades. Damage dealt will increase with Dex.,秘剣
0A,Magic Blade,15,---,---,15,13,11,Medium,0A,Armor,Strike the surrounding area with magical blades. Deals damage based on Mag.,魔剣
0B,Foudroyant Strike,20,"Lightning, Guard Break",---,20,18,16,Large,01,Armor,"Unleash a single, powerful slash imbued with lightning.",雷迅
0C,Flash Strike,15,---,---,15,13,11,Medium,01,Cavalry,"Unleash a single, powerful slash.",一閃
0D,Assassinate,15,"Instant Kill, Guard Break",---,15,13,11,Medium,01,---,Slash while charging forward.Has a chance to instantly defeat non-commander units.,暗殺
0E,Sword Dance,15,---,Cannot Guard,15,13,11,Medium,01,---,Slash while charging forward.,剣の舞
0F,Astra,20,Guard Break,---,20,18,16,Large,05,---,Perform a series of five slashes while moving swiftly.,流星
10,---,0,---,---,1,1,1,---,0A,---,,
11,Swift Slice,40,---,---,40,36,32,Large,05,All,Strike a wide area ahead with a series of slashes. Damage dealt will increase with Spd.,連閃
12,Haze Slice,20,---,---,20,18,16,Large,05,---,Strike a wide area ahead with a series of slashes.,霞切り
13,Mortal Struggle,20,---,Strengthen,20,18,16,N/A,14,---,"Sacrifice Prt, reducing the user's defense, to make the Stun Gauge display with all attacks.",死闘
14,Sublime Heaven,20,---,---,20,18,16,Large,0A,---,Slice apart the surrounding area with a flurry of strikes. Damage dealt will increase with Mag.,覇天
15,---,0,---,---,1,1,1,---,FF,---,,
16,---,0,---,---,1,1,1,---,FF,---,,
17,---,0,---,---,1,1,1,---,FF,---,,
18,---,0,---,---,1,1,1,---,FF,---,,
19,---,0,---,---,1,1,1,---,FF,---,,
1A,---,0,---,---,1,1,1,---,FF,---,,
1B,---,0,---,---,1,1,1,---,FF,---,,
1C,---,0,---,---,1,1,1,---,FF,---,,
1D,---,0,---,---,1,1,1,---,FF,---,,
1E,Lance Jab,15,---,Critical,15,13,11,Medium,01,---,Perform a thrusting attack that often yields critical hits. Damage dealt will increase with Spd.,突槍
1F,Lightstrike,10,Light,Heal,10,8,6,Small,01,---,Absorb a portion of inflicted damage as HP. Damage dealt will increase with Mag.,光撃
20,Earthsplitter,10,---,---,10,8,6,Small,0A,---,Perform an air-to-ground plunging thrust.,地烈
21,Burning Quake,20,Fire,Cannot Guard,20,18,16,Large,0A,---,Summon forth pillars of flame.,震炎
22,Glowing Ember,15,Fire,---,15,13,11,Medium,01,---,Hurl a fiery lance straight ahead.Damage dealt will increase with Def.,蛍火
23,Ruined Sky,20,---,Cannot Guard,20,18,16,Large,02,Flying,Hurl a magical lance straight ahead that bursts when it reaches its target.,裂空
24,Tempest Lance,15,"Wind, Guard Break",---,15,13,11,Medium,0A,---,Conjure up a whirlwind with an overhead spin of the lance.,旋風槍
25,Stormblade,15,Wind,---,15,13,11,Medium,0A,Flying,Whip up a storm that ravages the surrounding area with blades of wind.,飛刃
26,Knightkneeler,20,Guard Break,---,20,18,16,Large,05,Cavalry,Perform a powerful lance thrust.,葬騎の一撃
27,Airshaker,15,---,Guard Pierce,15,13,11,Medium,01,---,Perform a powerful thrust that produces a shockwave.,衝波槍
28,Frozen Lance,10,Ice,---,10,8,6,Small,0F,---,Launch columns of ice at foes.Damage dealt will increase with Mag.,氷槍
29,Dark Lance,10,Dark,---,10,8,6,Small,0F,---,Send dark hexes flying at foes.Damage dealt will increase with Mag.,闇槍
2A,Vengeance,15,---,---,15,13,11,Medium,05,---,An attack that increases in Mt in relation to the user's missing HP.,復讐
2B,Atrocity,40,---,---,40,36,32,Large,05,All,Launch a wide swath of foes into the air.,無惨
2C,Shatter Slash,15,Guard Break,Weaken,15,13,11,Medium,05,---,Perform a series of lance strikes that temporarily reduce enemy Def.,ブレイクラッシュ
2D,Thunder Rush,15,Lightning,---,15,13,11,Medium,05,Armor,Perform a series of lance strikes imbued with lightning.,サンダーラッシュ
2E,Paraselene,20,Instant Kill,Cannot Guard,20,18,16,Large,02,---,Strike a wide area with a sweeping attack. Has a chance to instantly defeat non-commander units.,幻月
2F,Wheelsweep,15,---,---,15,13,11,Medium,02,---,Strike a wide area with a sweeping attack that also produces a shockwave.,風車薙ぎ
30,Titanic Might,20,---,Strengthen,20,18,16,N/A,14,---,Temporarily increase Str.,剛力
31,---,0,---,---,1,1,1,---,FF,---,,
32,---,0,---,---,1,1,1,---,FF,---,,
33,---,0,---,---,1,1,1,---,FF,---,,
34,---,0,---,---,1,1,1,---,FF,---,,
35,---,0,---,---,1,1,1,---,FF,---,,
36,---,0,---,---,1,1,1,---,FF,---,,
37,---,0,---,---,1,1,1,---,FF,---,,
38,---,0,---,---,1,1,1,---,FF,---,,
39,---,0,---,---,1,1,1,---,FF,---,,
3A,---,0,---,---,1,1,1,---,FF,---,,
3B,---,0,---,---,1,1,1,---,FF,---,,
3C,Swinging Fury,15,Guard Break,---,15,13,11,Medium,05,---,Perform a consecutive series of axe swings.,連断
3D,Wild Abandon,15,---,---,15,13,11,Medium,0F,---,Rip through foes with axe swings.,無我夢中
3E,Armored Strike,20,---,Guard Pierce,20,18,16,Large,05,---,"Hit foes hard with a single, powerful axe blow. Damage dealt will increase with Def.",鎧打ち
3F,Armor Smasher,20,Guard Break,Weaken,20,18,16,Large,05,---,"Hit foes hard with a single, powerful axe blow that temporarily reduces enemy Def.",鎧砕き
40,Shredder,10,---,---,10,8,6,Small,05,Flying,Cut enemies to shreds with a spinning axe attack.,迅裂斧
41,Raging Storm,20,Fire,Reduce Stun Gauge,20,18,16,Large,01,---,Conjure up a whirlwind of fire straight ahead.,狂嵐
42,Focused Strike,15,---,---,15,13,11,Medium,00,---,Bring an axe down to cut through the foes ahead.,明鏡止水
43,War Strike,30,---,---,30,26,22,Large,00,All,Bring an axe down so fiercely it sunders the ground and sends enemies flying into the air.,戦鬼の一撃
44,Flickering Flower,20,Guard Break,---,20,18,16,Large,05,---,"Break the enemy's stance, then hurl an axe at the ground.",閃花
45,Apocalyptic Flame,20,"Fire, Guard Break",---,20,18,16,Large,05,---,Hurl a flaming axe at the ground that creates a pillar of fire.,劫火
46,Spike,15,---,---,15,13,11,Medium,05,---,"Launch the foes ahead into the air, then swat them away with a swing of the axe.",スパイク
47,Dust,15,Guard Break,---,15,13,11,Medium,05,---,"Launch the foes ahead into the air, then smash the earth to hit them with the rubble.",砕塵
48,Helm Splitter,20,Guard Break,---,20,18,16,Large,05,Armor,Smash the foes ahead with a powerful overhead strike.,兜割り
49,Diamond Axe,20,---,Cannot Guard,20,18,16,Large,05,---,Smash the ground so hard it displaces the earth.,金剛斧
4A,Returning Axe,10,---,---,10,8,6,Small,05,---,Strike a wide area with a hurl of the axe.,去来斧
4B,Lightning Axe,10,"Lightning, Guard Break",---,10,8,6,Small,05,---,Hurl a lightning-charged axe. Deals damage based on Mag.,雷斧
4C,Smash,15,---,Critical,15,13,11,Medium,05,---,Pummel a wide area ahead. Often yields critical hits.,スマッシュ
4D,Crush,15,Ice,---,15,13,11,Medium,05,---,Smash the ground and generate pillars of ice.,クラッシュ
4E,Invigorating Spirit,20,---,Strengthen,20,18,16,N/A,14,---,Temporarily increase Str.,全身全霊
4F,---,0,---,---,1,1,1,---,FF,---,,
50,---,0,---,---,1,1,1,---,FF,---,,
51,---,0,---,---,1,1,1,---,FF,---,,
52,---,0,---,---,1,1,1,---,FF,---,,
53,---,0,---,---,1,1,1,---,FF,---,,
54,---,0,---,---,1,1,1,---,FF,---,,
55,---,0,---,---,1,1,1,---,FF,---,,
56,---,0,---,---,1,1,1,---,FF,---,,
57,---,0,---,---,1,1,1,---,FF,---,,
58,---,0,---,---,1,1,1,---,FF,---,,
59,---,0,---,---,1,1,1,---,FF,---,,
5A,Spiral Shot,15,---,---,15,13,11,Medium,0A,Flying,Loose arrows at a wide surrounding area.,スパイラルショット
5B,Tornado Shot,15,Wind,---,15,13,11,Medium,0A,Flying,Conjure a cyclone that launches enemies into the air.,トルネードショット
5C,Curved Shot,10,---,---,10,8,6,Small,02,Flying,Unleash a volley of arrows that travels in a straight line.,曲射
5D,Fallen Star,20,---,---,20,18,16,Large,0A,Flying,Rain down arrows of light on foes.Deals damage based on Mag.,落星
5E,Point-Blank Volley,10,---,---,10,8,6,Small,0F,Flying,Attack a wide forward area with three consecutive shots.,近距離連射
5F,Waning Shot,15,Instant Kill,Weaken,15,13,11,Medium,0F,Flying,Attack a wide forward area with three consecutive shots that temporarily reduce enemy Str.,ウィークショット
60,Deadeye,20,---,"Guard Pierce, Critical",20,18,16,Large,00,Flying,Perform a long-distance attack that yields critical hits.,狙撃
61,Precision Volley,20,---,Guard Pierce,20,18,16,Large,00,Flying,Perform a long-distance attack that hits multiple times. Deals damage based on Dex.,精密射撃
62,Tracking Shot,10,---,Reduce Stun Gauge,10,8,6,Small,04,Flying,Send a series of arrows toward the locked-on target.,ホーミングショット
63,Thunderbolt,15,Lightning,---,15,13,11,Medium,0F,Flying,Fire a barrage of electrified arrows.,ボルトアロー
64,Hunter's Volley,10,---,Critical,10,8,6,Small,05,Flying,Attack enemies launched into the air with three consecutive shots. Often yields critical hits.,ハンターボレー
65,Ward Arrow,15,---,Weaken,15,13,11,Medium,05,Flying,Attack enemies launched into the air with three consecutive shots that temporarily reduce their Mag.,封魔の矢
66,Break Shot,15,Guard Break,Weaken,15,13,11,Medium,00,Flying,Send an exploding arrow toward enemies that temporarily reduces their Def.,ブレイクショット
67,Flame Volley,15,Fire,Guard Pierce,15,13,11,Medium,00,Flying,Attack a wide area with a volley of fire arrows.,火炎の矢
68,Wind God,40,Wind,Guard Pierce,40,36,32,Large,01,All,Attack with a wind-imbued arrow that draws foes in and lands multiple hits.,風神
69,Drill Arrow,15,Guard Break,Weaken,15,13,11,Medium,01,"Flying, Armor",Skewer foes with a blindingly fast arrow that temporarily reduces theirDef.,穿空の矢
6A,Hide Presence,20,---,Strengthen,20,18,16,N/A,14,---,Temporarily increase Str and Lck.,隠密
6B,---,0,---,---,1,1,1,---,FF,---,,
6C,---,0,---,---,1,1,1,---,FF,---,,
6D,---,0,---,---,1,1,1,---,FF,---,,
6E,---,0,---,---,1,1,1,---,FF,---,,
6F,---,0,---,---,1,1,1,---,FF,---,,
70,---,0,---,---,1,1,1,---,FF,---,,
71,---,0,---,---,1,1,1,---,FF,---,,
72,---,0,---,---,1,1,1,---,FF,---,,
73,---,0,---,---,1,1,1,---,FF,---,,
74,---,0,---,---,1,1,1,---,FF,---,,
75,---,0,---,---,1,1,1,---,FF,---,,
76,---,0,---,---,1,1,1,---,FF,---,,
77,---,0,---,---,1,1,1,---,FF,---,,
78,Rushing Blow,10,---,"Cannot Guard, Reduce Stun Gauge",10,8,6,Small,01,---,Charge forward with fists flying.,殴り抜け
79,Frozen Fist,15,Ice,---,15,13,11,Medium,01,---,Charge forward with fists of ice.Deals damage based on Mag.,凍拳
7A,Whirlwind Kick,15,Wind,---,15,13,11,Medium,05,Flying,Generate a cyclone in front of the unit that draws enemies in and launches them into the air.,旋風脚
7B,Flamewhorl Kick,15,Fire,---,15,13,11,Medium,05,---,Generate a fiery cyclone in front of the unit that launches enemies into the air.,炎旋脚
7C,Mystic Blow,10,---,Strengthen,10,8,6,Small,01,---,Temporarily deal damage based onMag.,マジックブロー
7D,Draining Blow,10,---,Heal,10,8,6,Small,05,---,Absorb a portion of inflicted damage as HP.,ドレインブロー
7E,Mighty Blow,20,Guard Break,---,20,18,16,Large,05,---,Channel force into a perfectly executed punch.,豪拳
7F,Eviscerate,40,---,Cannot Guard,40,36,32,Large,05,All,Deals damage based on the higher ofStr or Mag.,魔拳
80,Fierce Iron Fist,20,---,---,20,18,16,Large,0A,---,Strike down at foes from midair.Damage dealt will increase with Spd.,猛烈鉄拳
81,Lightning Fist,15,Lightning,---,15,13,11,Medium,0A,Armor,"Launch foes into the air with an electrified punch, then create a shockwave on landing that sends them flying.",雷拳
82,Dual Devastators,15,---,Reduce Stun Gauge,15,13,11,Medium,05,---,Pummel the enemy with both fists.Deals damage to enemy Stun Gauges.,両輪痛打
83,Bombard,15,Guard Break,Critical,15,13,11,Medium,05,---,Pummel the enemy with both fists.Often yields critical hits.,連打
84,Steady Mind,20,---,Strengthen,20,18,16,N/A,14,---,Temporarily increase Str.,精神統一
85,Battle Trance,20,---,Strengthen,20,18,16,N/A,14,---,Temporarily make it easier to fill theWarrior and Awakening Gauges.,練気
86,---,0,---,---,1,1,1,---,FF,---,,
87,---,0,---,---,1,1,1,---,FF,---,,
88,---,0,---,---,1,1,1,---,FF,---,,
89,---,0,---,---,1,1,1,---,FF,---,,
8A,---,0,---,---,1,1,1,---,FF,---,,
8B,---,0,---,---,1,1,1,---,FF,---,,
8C,---,0,---,---,1,1,1,---,FF,---,,
8D,---,0,---,---,1,1,1,---,FF,---,,
8E,---,0,---,---,1,1,1,---,FF,---,,
8F,---,0,---,---,1,1,1,---,FF,---,,
90,---,0,---,---,1,1,1,---,FF,---,,
91,---,0,---,---,1,1,1,---,FF,---,,
92,---,0,---,---,1,1,1,---,FF,---,,
93,---,0,---,---,1,1,1,---,FF,---,,
94,---,0,---,---,1,1,1,---,FF,---,,
95,---,0,---,---,1,1,1,---,FF,---,,
96,Fire,10,Fire,---,10,8,6,Small,00,---,Basic fire magic.,ファイアー
97,Bolganone,15,Fire,---,15,13,11,Medium,05,---,Advanced fire magic.,ボルガノン
98,Ragnarok,20,Fire,---,20,18,16,Large,05,---,The highest tier of fire magic.,ライナロック
99,Thunder,10,Lightning,---,10,8,6,Small,0A,---,Basic lightning magic.,サンダー
9A,Thoron,15,Lightning,Reduce Stun Gauge,15,13,11,Medium,00,---,Advanced lightning magic.,トロン
9B,Bolting,20,Lightning,---,20,18,16,Large,0A,---,The highest tier of lightning magic.,サンダーストーム
9C,Wind,10,Wind,Cannot Guard,10,8,6,Small,01,---,Basic wind magic.,ウィンド
9D,Cutting Gale,15,Wind,---,15,13,11,Medium,0A,---,Intermediate wind magic.,シェイバー
9E,Excalibur,20,"Wind, Guard Break",---,20,18,16,Large,01,Flying,The highest tier of wind magic.,エクスカリバー
9F,Blizzard,10,Ice,---,10,8,6,Small,0F,---,Basic ice magic.,ブリザー
A0,Fimbulvetr,15,Ice,---,15,13,11,Medium,19,---,Advanced ice magic.,フィンブル
A1,Sagittae,10,---,---,10,8,6,Small,00,---,Strike the enemy with magical arrows.,アロー
A2,Meteor,20,---,---,20,18,16,Large,05,---,Summon a volley of meteors.,メティオ
A3,Agnea's Arrow,25,---,Reduce Stun Gauge,25,23,21,Large,06,---,The most powerful form of black magic. A sweltering flame that reduces all to ash.,アグネアの矢
A4,Miasma Δ,10,Dark,---,10,8,6,Small,07,---,Basic dark magic.,ドーラΔ
A5,Mire Β,10,Dark,---,10,8,6,Small,05,---,Basic dark magic. Lingers for a while after casting.,スライムΒ
A6,Swarm Ζ,10,Dark,---,10,8,6,Small,19,---,Basic dark magic. Attacks a wide area.,ウォームΖ
A7,Banshee Θ,15,Dark,---,15,13,11,Medium,08,---,Intermediate dark magic.,バンシーΘ
A8,Death Γ,15,"Dark, Instant Kill",---,15,13,11,Medium,05,---,Intermediate dark magic. Has a  chance to instantly defeat non-commander units.,デスΓ
A9,Luna Λ,15,Dark,---,15,13,11,Medium,06,---,Intermediate dark magic. Ignores enemy Res.,ルナΛ
AA,Dark Spikes Τ,20,Dark,---,20,18,16,Large,05,Cavalry,Advanced dark magic.,ダークスパイクΤ
AB,Hades Ω,20,Fire Dark,---,20,18,16,Large,06,---,Advanced dark magic. Calls on the morbid might of the underworld.,ハデスΩ
AC,---,0,---,---,1,1,1,---,14,---,,
AD,Quake Σ,25,Dark,---,25,23,21,Large,0A,---,The highest tier of dark magic.,メガクエイクΣ
AE,Heal,15,---,Heal,15,13,11,Medium,32,---,Basic light magic. Heals surrounding  allies.,ライブ
AF,Recover,15,---,Heal,15,13,11,Large,32,---,Intermediate light magic. Greatly  heals surrounding allies.,リカバー
B0,Physic,15,---,Heal,15,13,11,Medium,33,---,Intermediate light magic. Heals allies across a wide area.,リブロー
B1,Fortify,20,---,Heal,20,18,16,Large,33,---,Advanced light magic. Greatly heals allies across a wide area.,リザーブ
B2,Nosferatu,10,Light,Heal,10,8,6,Small,05,---,Basic light attack magic. Absorb a portion of inflicted damage as HP.,リザイア
B3,Seraphim,15,Light,---,15,13,11,Medium,00,Monster,Intermediate light attack magic.,エンジェル
B4,Aura,20,Light,---,20,18,16,Large,06,---,Advanced light attack magic. Assail foes with a column of light.,オーラ
B5,Abraxas,20,Light,---,20,18,16,Large,00,---,Advanced light attack magic. Calls light from the heavens down on foes.,アプラクサス
B6,---,0,---,---,1,1,1,---,14,---,,
B7,Restore,20,---,---,20,18,16,N/A,32,---,Cure the caster and nearby allies of any status effects.,レスト
B8,Ward,20,---,Strengthen,20,18,16,N/A,14,---,"Magically protect the caster, increasing Def and Res and preventing knockback.",Ｍシールド
B9,Silence,20,---,Weaken,20,18,16,N/A,00,---,Prevents an enemy from using magic.,サイレス
BA,---,0,---,---,1,1,1,---,14,---,,
BB,---,0,---,---,1,1,1,---,14,---,,
BC,---,0,---,---,1,1,1,---,FF,---,,
BD,---,0,---,---,1,1,1,---,FF,---,,
BE,---,0,---,---,1,1,1,---,FF,---,,
BF,---,0,---,---,1,1,1,---,FF,---,,
C0,---,0,---,---,1,1,1,---,FF,---,,
C1,---,0,---,---,1,1,1,---,FF,---,,
C2,---,0,---,---,1,1,1,---,FF,---,,
C3,---,0,---,---,1,1,1,---,FF,---,,
C4,---,0,---,---,1,1,1,---,FF,---,,
C5,---,0,---,---,1,1,1,---,FF,---,,
C6,---,0,---,---,1,1,1,---,FF,---,,
C7,---,0,---,---,1,1,1,---,FF,---,,
C8,---,0,---,---,1,1,1,---,FF,---,,
C9,---,0,---,---,1,1,1,---,FF,---,,
CA,---,0,---,---,1,1,1,---,FF,---,,
CB,---,0,---,---,1,1,1,---,FF,---,,
CC,---,0,---,---,1,1,1,---,FF,---,,
CD,---,0,---,---,1,1,1,---,FF,---,,
CE,---,0,---,---,1,1,1,---,FF,---,,
CF,---,0,---,---,1,1,1,---,FF,---,,
D0,---,0,---,---,1,1,1,---,FF,---,,
D1,---,0,---,---,1,1,1,---,FF,---,,
D2,---,0,---,---,1,1,1,---,FF,---,,
D3,---,0,---,---,1,1,1,---,FF,---,,
D4,---,0,---,---,1,1,1,---,FF,---,,
D5,---,0,---,---,1,1,1,---,FF,---,,
D6,---,0,---,---,1,1,1,---,FF,---,,
D7,---,0,---,---,1,1,1,---,FF,---,,
D8,---,0,---,---,1,1,1,---,FF,---,,
D9,---,0,---,---,1,1,1,---,FF,---,,
DA,---,0,---,---,1,1,1,---,FF,---,,
DB,---,0,---,---,1,1,1,---,FF,---,,
DC,---,0,---,---,1,1,1,---,FF,---,,
DD,---,0,---,---,1,1,1,---,FF,---,,
DE,---,0,---,---,1,1,1,---,FF,---,,
DF,---,0,---,---,1,1,1,---,FF,---,,
E0,---,0,---,---,1,1,1,---,FF,---,,
E1,---,0,---,---,1,1,1,---,FF,---,,
E2,---,0,---,---,1,1,1,---,FF,---,,
E3,---,0,---,---,1,1,1,---,FF,---,,
E4,---,0,---,---,1,1,1,---,FF,---,,
E5,---,0,---,---,1,1,1,---,FF,---,,
E6,---,0,---,---,1,1,1,---,FF,---,,
E7,---,0,---,---,1,1,1,---,FF,---,,
E8,---,0,---,---,1,1,1,---,FF,---,,
E9,---,0,---,---,1,1,1,---,FF,---,,
EA,---,0,---,---,1,1,1,---,FF,---,,
EB,---,0,---,---,1,1,1,---,FF,---,,
EC,---,0,---,---,1,1,1,---,FF,---,,
ED,---,0,---,---,1,1,1,---,FF,---,,
EE,---,0,---,---,1,1,1,---,FF,---,,
EF,---,0,---,---,1,1,1,---,FF,---,,
F0,---,0,---,---,1,1,1,---,FF,---,,
F1,---,0,---,---,1,1,1,---,FF,---,,
F2,---,0,---,---,1,1,1,---,FF,---,,
F3,---,0,---,---,1,1,1,---,FF,---,,
F4,---,0,---,---,1,1,1,---,FF,---,,
F5,---,0,---,---,1,1,1,---,FF,---,,
F6,---,0,---,---,1,1,1,---,FF,---,,
F7,---,0,---,---,1,1,1,---,FF,---,,
F8,---,0,---,---,1,1,1,---,FF,---,,
F9,---,0,---,---,1,1,1,---,FF,---,,
FA,---,0,---,---,1,1,1,---,FF,---,,
FB,---,0,---,---,1,1,1,---,FF,---,,
FC,---,0,---,---,1,1,1,---,FF,---,,
FD,---,0,---,---,1,1,1,---,FF,---,,
FE,---,0,---,---,1,1,1,---,FF,---,,
FF,---,0,---,---,1,1,1,---,FF,---,,
100,---,0,---,---,1,1,1,---,FF,---,,
101,---,0,---,---,1,1,1,---,FF,---,,
102,---,0,---,---,1,1,1,---,FF,---,,
103,---,0,---,---,1,1,1,---,FF,---,,
104,---,0,---,---,1,1,1,---,FF,---,,
105,---,0,---,---,1,1,1,---,FF,---,,
106,---,0,---,---,1,1,1,---,FF,---,,
107,---,0,---,---,1,1,1,---,FF,---,,
108,---,0,---,---,1,1,1,---,FF,---,,
109,---,0,---,---,1,1,1,---,FF,---,,
10A,---,0,---,---,1,1,1,---,FF,---,,
10B,---,0,---,---,1,1,1,---,FF,---,,
10C,---,0,---,---,1,1,1,---,FF,---,,
10D,---,0,---,---,1,1,1,---,FF,---,,
10E,---,0,---,---,1,1,1,---,FF,---,,
10F,---,0,---,---,1,1,1,---,FF,---,,
110,---,0,---,---,1,1,1,---,FF,---,,
111,---,0,---,---,1,1,1,---,FF,---,,
112,---,0,---,---,1,1,1,---,FF,---,,
113,---,0,---,---,1,1,1,---,FF,---,,
114,---,0,---,---,1,1,1,---,FF,---,,
115,---,0,---,---,1,1,1,---,FF,---,,
116,---,0,---,---,1,1,1,---,FF,---,,
117,---,0,---,---,1,1,1,---,FF,---,,
118,---,0,---,---,1,1,1,---,FF,---,,
119,---,0,---,---,1,1,1,---,FF,---,,
11A,---,0,---,---,1,1,1,---,FF,---,,
11B,---,0,---,---,1,1,1,---,FF,---,,
11C,---,0,---,---,1,1,1,---,FF,---,,
11D,---,0,---,---,1,1,1,---,FF,---,,
11E,---,0,---,---,1,1,1,---,FF,---,,
11F,---,0,---,---,1,1,1,---,FF,---,,
120,---,0,---,---,1,1,1,---,FF,---,,
121,---,0,---,---,1,1,1,---,FF,---,,
122,---,0,---,---,1,1,1,---,FF,---,,
123,---,0,---,---,1,1,1,---,FF,---,,
124,---,0,---,---,1,1,1,---,FF,---,,
125,---,0,---,---,1,1,1,---,FF,---,,
126,---,0,---,---,1,1,1,---,FF,---,,
127,---,0,---,---,1,1,1,---,FF,---,,
128,---,0,---,---,1,1,1,---,FF,---,,
129,---,0,---,---,1,1,1,---,FF,---,,
12A,---,0,---,---,1,1,1,---,FF,---,,
12B,---,0,---,---,1,1,1,---,FF,---,,
12C,---,0,---,---,1,1,1,---,FF,---,,
12D,---,0,---,---,1,1,1,---,FF,---,,
12E,---,0,---,---,1,1,1,---,FF,---,,
12F,---,0,---,---,1,1,1,---,FF,---,,
130,---,0,---,---,1,1,1,---,FF,---,,
131,---,0,---,---,1,1,1,---,FF,---,,
132,---,0,---,---,1,1,1,---,FF,---,,
133,---,0,---,---,1,1,1,---,FF,---,,
134,---,0,---,---,1,1,1,---,FF,---,,
135,---,0,---,---,1,1,1,---,FF,---,,
136,---,0,---,---,1,1,1,---,FF,---,,
137,---,0,---,---,1,1,1,---,FF,---,,
138,---,0,---,---,1,1,1,---,FF,---,,
139,---,0,---,---,1,1,1,---,FF,---,,
13A,---,0,---,---,1,1,1,---,FF,---,,
13B,---,0,---,---,1,1,1,---,FF,---,,
13C,---,0,---,---,1,1,1,---,FF,---,,
13D,---,0,---,---,1,1,1,---,FF,---,,
13E,---,0,---,---,1,1,1,---,FF,---,,
13F,---,0,---,---,1,1,1,---,FF,---,,
140,---,0,---,---,1,1,1,---,FF,---,,
141,---,0,---,---,1,1,1,---,FF,---,,
142,---,0,---,---,1,1,1,---,FF,---,,
143,---,0,---,---,1,1,1,---,FF,---,,
144,---,0,---,---,1,1,1,---,FF,---,,
145,---,0,---,---,1,1,1,---,FF,---,,
146,---,0,---,---,1,1,1,---,FF,---,,
147,---,0,---,---,1,1,1,---,FF,---,,
148,---,0,---,---,1,1,1,---,FF,---,,
149,---,0,---,---,1,1,1,---,FF,---,,
14A,---,0,---,---,1,1,1,---,FF,---,,
14B,---,0,---,---,1,1,1,---,FF,---,,
14C,---,0,---,---,1,1,1,---,FF,---,,
14D,---,0,---,---,1,1,1,---,FF,---,,
14E,---,0,---,---,1,1,1,---,FF,---,,
14F,---,0,---,---,1,1,1,---,FF,---,,
150,---,0,---,---,1,1,1,---,FF,---,,
151,---,0,---,---,1,1,1,---,FF,---,,
152,---,0,---,---,1,1,1,---,FF,---,,
153,---,0,---,---,1,1,1,---,FF,---,,
154,---,0,---,---,1,1,1,---,FF,---,,
155,---,0,---,---,1,1,1,---,FF,---,,
156,---,0,---,---,1,1,1,---,FF,---,,
157,---,0,---,---,1,1,1,---,FF,---,,
158,---,0,---,---,1,1,1,---,FF,---,,
159,---,0,---,---,1,1,1,---,FF,---,,
15A,---,0,---,---,1,1,1,---,FF,---,,
15B,---,0,---,---,1,1,1,---,FF,---,,
15C,---,0,---,---,1,1,1,---,FF,---,,
15D,---,0,---,---,1,1,1,---,FF,---,,
15E,---,0,---,---,1,1,1,---,FF,---,,
15F,---,0,---,---,1,1,1,---,FF,---,,
160,---,0,---,---,1,1,1,---,FF,---,,
161,---,0,---,---,1,1,1,---,FF,---,,
162,---,0,---,---,1,1,1,---,FF,---,,
163,---,0,---,---,1,1,1,---,FF,---,,
164,---,0,---,---,1,1,1,---,FF,---,,
165,---,0,---,---,1,1,1,---,FF,---,,
166,---,0,---,---,1,1,1,---,FF,---,,
167,---,0,---,---,1,1,1,---,FF,---,,
168,---,0,---,---,1,1,1,---,FF,---,,
169,---,0,---,---,1,1,1,---,FF,---,,
16A,---,0,---,---,1,1,1,---,FF,---,,
16B,---,0,---,---,1,1,1,---,FF,---,,
16C,---,0,---,---,1,1,1,---,FF,---,,
16D,---,0,---,---,1,1,1,---,FF,---,,
16E,---,0,---,---,1,1,1,---,FF,---,,
16F,---,0,---,---,1,1,1,---,FF,---,,
170,---,0,---,---,1,1,1,---,FF,---,,
171,---,0,---,---,1,1,1,---,FF,---,,
172,---,0,---,---,1,1,1,---,FF,---,,
173,---,0,---,---,1,1,1,---,FF,---,,
174,---,0,---,---,1,1,1,---,FF,---,,
175,---,0,---,---,1,1,1,---,FF,---,,
176,---,0,---,---,1,1,1,---,FF,---,,
177,---,0,---,---,1,1,1,---,FF,---,,
178,---,0,---,---,1,1,1,---,FF,---,,
179,---,0,---,---,1,1,1,---,FF,---,,
17A,---,0,---,---,1,1,1,---,FF,---,,
17B,---,0,---,---,1,1,1,---,FF,---,,
17C,---,0,---,---,1,1,1,---,FF,---,,
17D,---,0,---,---,1,1,1,---,FF,---,,
17E,---,0,---,---,1,1,1,---,FF,---,,
17F,---,0,---,---,1,1,1,---,FF,---,,
180,---,0,---,---,1,1,1,---,FF,---,,
181,---,0,---,---,1,1,1,---,FF,---,,
182,---,0,---,---,1,1,1,---,FF,---,,
183,---,0,---,---,1,1,1,---,FF,---,,
184,---,0,---,---,1,1,1,---,FF,---,,
185,---,0,---,---,1,1,1,---,FF,---,,
186,---,0,---,---,1,1,1,---,FF,---,,
187,---,0,---,---,1,1,1,---,FF,---,,
188,---,0,---,---,1,1,1,---,FF,---,,
189,---,0,---,---,1,1,1,---,FF,---,,
18A,---,0,---,---,1,1,1,---,FF,---,,
18B,---,0,---,---,1,1,1,---,FF,---,,
18C,---,0,---,---,1,1,1,---,FF,---,,
18D,---,0,---,---,1,1,1,---,FF,---,,
18E,---,0,---,---,1,1,1,---,FF,---,,
18F,---,0,---,---,1,1,1,---,FF,---,,
190,---,0,---,---,1,1,1,---,FF,---,,
191,---,0,---,---,1,1,1,---,FF,---,,
192,---,0,---,---,1,1,1,---,FF,---,,
193,---,0,---,---,1,1,1,---,FF,---,,
194,---,0,---,---,1,1,1,---,FF,---,,
195,---,0,---,---,1,1,1,---,FF,---,,
196,---,0,---,---,1,1,1,---,FF,---,,
197,---,0,---,---,1,1,1,---,FF,---,,
198,---,0,---,---,1,1,1,---,FF,---,,
199,---,0,---,---,1,1,1,---,FF,---,,
19A,---,0,---,---,1,1,1,---,FF,---,,
19B,---,0,---,---,1,1,1,---,FF,---,,
19C,---,0,---,---,1,1,1,---,FF,---,,
19D,---,0,---,---,1,1,1,---,FF,---,,
19E,---,0,---,---,1,1,1,---,FF,---,,
19F,---,0,---,---,1,1,1,---,FF,---,,
1A0,---,0,---,---,1,1,1,---,FF,---,,
1A1,---,0,---,---,1,1,1,---,FF,---,,
1A2,---,0,---,---,1,1,1,---,FF,---,,
1A3,---,0,---,---,1,1,1,---,FF,---,,
1A4,---,0,---,---,1,1,1,---,FF,---,,
1A5,---,0,---,---,1,1,1,---,FF,---,,
1A6,---,0,---,---,1,1,1,---,FF,---,,
1A7,---,0,---,---,1,1,1,---,FF,---,,
1A8,---,0,---,---,1,1,1,---,FF,---,,
1A9,---,0,---,---,1,1,1,---,FF,---,,
1AA,---,0,---,---,1,1,1,---,FF,---,,
1AB,---,0,---,---,1,1,1,---,FF,---,,
1AC,---,0,---,---,1,1,1,---,FF,---,,
1AD,---,0,---,---,1,1,1,---,FF,---,,
1AE,---,0,---,---,1,1,1,---,FF,---,,
1AF,---,0,---,---,1,1,1,---,FF,---,,
1B0,---,0,---,---,1,1,1,---,FF,---,,
1B1,---,0,---,---,1,1,1,---,FF,---,,
1B2,---,0,---,---,1,1,1,---,FF,---,,
1B3,---,0,---,---,1,1,1,---,FF,---,,
1B4,---,0,---,---,1,1,1,---,FF,---,,
1B5,---,0,---,---,1,1,1,---,FF,---,,
1B6,---,0,---,---,1,1,1,---,FF,---,,
1B7,---,0,---,---,1,1,1,---,FF,---,,
1B8,---,0,---,---,1,1,1,---,FF,---,,
1B9,---,0,---,---,1,1,1,---,FF,---,,
1BA,---,0,---,---,1,1,1,---,FF,---,,
1BB,---,0,---,---,1,1,1,---,FF,---,,
1BC,---,0,---,---,1,1,1,---,FF,---,,
1BD,---,0,---,---,1,1,1,---,FF,---,,
1BE,---,0,---,---,1,1,1,---,FF,---,,
1BF,---,0,---,---,1,1,1,---,FF,---,,
1C0,---,0,---,---,1,1,1,---,FF,---,,
1C1,---,0,---,---,1,1,1,---,FF,---,,
1C2,---,0,---,---,1,1,1,---,FF,---,,
1C3,---,0,---,---,1,1,1,---,FF,---,,
1C4,---,0,---,---,1,1,1,---,FF,---,,
1C5,---,0,---,---,1,1,1,---,FF,---,,
1C6,---,0,---,---,1,1,1,---,FF,---,,
1C7,---,0,---,---,1,1,1,---,FF,---,,
1C8,---,0,---,---,1,1,1,---,FF,---,,
1C9,---,0,---,---,1,1,1,---,FF,---,,
1CA,---,0,---,---,1,1,1,---,FF,---,,
1CB,---,0,---,---,1,1,1,---,FF,---,,
1CC,---,0,---,---,1,1,1,---,FF,---,,
1CD,---,0,---,---,1,1,1,---,FF,---,,
1CE,---,0,---,---,1,1,1,---,FF,---,,
1CF,---,0,---,---,1,1,1,---,FF,---,,
1D0,---,0,---,---,1,1,1,---,FF,---,,
1D1,---,0,---,---,1,1,1,---,FF,---,,
1D2,---,0,---,---,1,1,1,---,FF,---,,
1D3,---,0,---,---,1,1,1,---,FF,---,,
1D4,---,0,---,---,1,1,1,---,FF,---,,
1D5,---,0,---,---,1,1,1,---,FF,---,,
1D6,---,0,---,---,1,1,1,---,FF,---,,
1D7,---,0,---,---,1,1,1,---,FF,---,,
1D8,---,0,---,---,1,1,1,---,FF,---,,
1D9,---,0,---,---,1,1,1,---,FF,---,,
1DA,---,0,---,---,1,1,1,---,FF,---,,
1DB,---,0,---,---,1,1,1,---,FF,---,,
1DC,---,0,---,---,1,1,1,---,FF,---,,
1DD,---,0,---,---,1,1,1,---,FF,---,,
1DE,---,0,---,---,1,1,1,---,FF,---,,
1DF,---,0,---,---,1,1,1,---,FF,---,,
1E0,---,0,---,---,1,1,1,---,FF,---,,
1E1,---,0,---,---,1,1,1,---,FF,---,,
1E2,---,0,---,---,1,1,1,---,FF,---,,
1E3,---,0,---,---,1,1,1,---,FF,---,,
1E4,---,0,---,---,1,1,1,---,FF,---,,
1E5,---,0,---,---,1,1,1,---,FF,---,,
1E6,---,0,---,---,1,1,1,---,FF,---,,
1E7,---,0,---,---,1,1,1,---,FF,---,,
1E8,---,0,---,---,1,1,1,---,FF,---,,
1E9,---,0,---,---,1,1,1,---,FF,---,,
1EA,---,0,---,---,1,1,1,---,FF,---,,
1EB,---,0,---,---,1,1,1,---,FF,---,,
1EC,---,0,---,---,1,1,1,---,FF,---,,
1ED,---,0,---,---,1,1,1,---,FF,---,,
1EE,---,0,---,---,1,1,1,---,FF,---,,
1EF,---,0,---,---,1,1,1,---,FF,---,,
1F0,---,0,---,---,1,1,1,---,FF,---,,
1F1,---,0,---,---,1,1,1,---,FF,---,,
1F2,---,0,---,---,1,1,1,---,FF,---,,
1F3,---,0,---,---,1,1,1,---,FF,---,,
1F4,---,0,---,---,1,1,1,---,FF,---,,
1F5,---,0,---,---,1,1,1,---,FF,---,,
1F6,---,0,---,---,1,1,1,---,FF,---,,
1F7,---,0,---,---,1,1,1,---,FF,---,,
1F8,---,0,---,---,1,1,1,---,FF,---,,
1F9,---,0,---,---,1,1,1,---,FF,---,,
1FA,---,0,---,---,1,1,1,---,FF,---,,
1FB,---,0,---,---,1,1,1,---,FF,---,,
1FC,---,0,---,---,1,1,1,---,FF,---,,
1FD,---,0,---,---,1,1,1,---,FF,---,,
1FE,---,0,---,---,1,1,1,---,FF,---,,
1FF,---,0,---,---,1,1,1,---,FF,---,,
200,---,0,---,---,1,1,1,---,FF,---,,
201,---,0,---,---,1,1,1,---,FF,---,,
202,---,0,---,---,1,1,1,---,FF,---,,
203,---,0,---,---,1,1,1,---,FF,---,,
204,---,0,---,---,1,1,1,---,FF,---,,
205,---,0,---,---,1,1,1,---,FF,---,,
206,---,0,---,---,1,1,1,---,FF,---,,
207,---,0,---,---,1,1,1,---,FF,---,,
208,---,0,---,---,1,1,1,---,FF,---,,
209,---,0,---,---,1,1,1,---,FF,---,,
20A,---,0,---,---,1,1,1,---,FF,---,,
20B,---,0,---,---,1,1,1,---,FF,---,,
20C,---,0,---,---,1,1,1,---,FF,---,,
20D,---,0,---,---,1,1,1,---,FF,---,,
20E,---,0,---,---,1,1,1,---,FF,---,,
20F,---,0,---,---,1,1,1,---,FF,---,,
210,---,0,---,---,1,1,1,---,FF,---,,
211,---,0,---,---,1,1,1,---,FF,---,,
212,---,0,---,---,1,1,1,---,FF,---,,
213,---,0,---,---,1,1,1,---,FF,---,,
214,---,0,---,---,1,1,1,---,FF,---,,
215,---,0,---,---,1,1,1,---,FF,---,,
216,---,0,---,---,1,1,1,---,FF,---,,
217,---,0,---,---,1,1,1,---,FF,---,,
218,---,0,---,---,1,1,1,---,FF,---,,
219,---,0,---,---,1,1,1,---,FF,---,,
21A,---,0,---,---,1,1,1,---,FF,---,,
21B,---,0,---,---,1,1,1,---,FF,---,,
21C,---,0,---,---,1,1,1,---,FF,---,,
21D,---,0,---,---,1,1,1,---,FF,---,,
21E,---,0,---,---,1,1,1,---,FF,---,,
21F,---,0,---,---,1,1,1,---,FF,---,,
220,---,0,---,---,1,1,1,---,FF,---,,
221,---,0,---,---,1,1,1,---,FF,---,,
222,---,0,---,---,1,1,1,---,FF,---,,
223,---,0,---,---,1,1,1,---,FF,---,,
224,---,0,---,---,1,1,1,---,FF,---,,
225,---,0,---,---,1,1,1,---,FF,---,,
226,---,0,---,---,1,1,1,---,FF,---,,
227,---,0,---,---,1,1,1,---,FF,---,,
228,---,0,---,---,1,1,1,---,FF,---,,
229,---,0,---,---,1,1,1,---,FF,---,,
22A,---,0,---,---,1,1,1,---,FF,---,,
22B,---,0,---,---,1,1,1,---,FF,---,,
22C,---,0,---,---,1,1,1,---,FF,---,,
22D,---,0,---,---,1,1,1,---,FF,---,,
22E,---,0,---,---,1,1,1,---,FF,---,,
22F,---,0,---,---,1,1,1,---,FF,---,,
230,---,0,---,---,1,1,1,---,FF,---,,
231,---,0,---,---,1,1,1,---,FF,---,,
232,---,0,---,---,1,1,1,---,FF,---,,
233,---,0,---,---,1,1,1,---,FF,---,,
234,---,0,---,---,1,1,1,---,FF,---,,
235,---,0,---,---,1,1,1,---,FF,---,,
236,---,0,---,---,1,1,1,---,FF,---,,
237,---,0,---,---,1,1,1,---,FF,---,,
238,---,0,---,---,1,1,1,---,FF,---,,
239,---,0,---,---,1,1,1,---,FF,---,,
23A,---,0,---,---,1,1,1,---,FF,---,,
23B,---,0,---,---,1,1,1,---,FF,---,,
23C,---,0,---,---,1,1,1,---,FF,---,,
23D,---,0,---,---,1,1,1,---,FF,---,,
23E,---,0,---,---,1,1,1,---,FF,---,,
23F,---,0,---,---,1,1,1,---,FF,---,,
240,---,0,---,---,1,1,1,---,FF,---,,
241,---,0,---,---,1,1,1,---,FF,---,,
242,---,0,---,---,1,1,1,---,FF,---,,
243,---,0,---,---,1,1,1,---,FF,---,,
244,---,0,---,---,1,1,1,---,FF,---,,
245,---,0,---,---,1,1,1,---,FF,---,,
246,---,0,---,---,1,1,1,---,FF,---,,
247,---,0,---,---,1,1,1,---,FF,---,,
248,---,0,---,---,1,1,1,---,FF,---,,
249,---,0,---,---,1,1,1,---,FF,---,,
24A,---,0,---,---,1,1,1,---,FF,---,,
24B,---,0,---,---,1,1,1,---,FF,---,,
24C,---,0,---,---,1,1,1,---,FF,---,,
24D,---,0,---,---,1,1,1,---,FF,---,,
24E,---,0,---,---,1,1,1,---,FF,---,,
24F,---,0,---,---,1,1,1,---,FF,---,,
250,---,0,---,---,1,1,1,---,FF,---,,
251,---,0,---,---,1,1,1,---,FF,---,,
252,---,0,---,---,1,1,1,---,FF,---,,
253,---,0,---,---,1,1,1,---,FF,---,,
254,---,0,---,---,1,1,1,---,FF,---,,
255,---,0,---,---,1,1,1,---,FF,---,,
256,---,0,---,---,1,1,1,---,FF,---,,
257,---,0,---,---,1,1,1,---,FF,---,,
258,---,0,---,---,1,1,1,---,FF,---,,
259,---,0,---,---,1,1,1,---,FF,---,,
25A,---,0,---,---,1,1,1,---,FF,---,,
25B,---,0,---,---,1,1,1,---,FF,---,,
25C,---,0,---,---,1,1,1,---,FF,---,,
25D,---,0,---,---,1,1,1,---,FF,---,,
25E,---,0,---,---,1,1,1,---,FF,---,,
25F,---,0,---,---,1,1,1,---,FF,---,,
260,---,0,---,---,1,1,1,---,FF,---,,
261,---,0,---,---,1,1,1,---,FF,---,,
262,---,0,---,---,1,1,1,---,FF,---,,
263,---,0,---,---,1,1,1,---,FF,---,,
264,---,0,---,---,1,1,1,---,FF,---,,
265,---,0,---,---,1,1,1,---,FF,---,,
266,---,0,---,---,1,1,1,---,FF,---,,
267,---,0,---,---,1,1,1,---,FF,---,,
268,---,0,---,---,1,1,1,---,FF,---,,
269,---,0,---,---,1,1,1,---,FF,---,,
26A,---,0,---,---,1,1,1,---,FF,---,,
26B,---,0,---,---,1,1,1,---,FF,---,,
26C,---,0,---,---,1,1,1,---,FF,---,,
26D,---,0,---,---,1,1,1,---,FF,---,,
26E,---,0,---,---,1,1,1,---,FF,---,,
26F,---,0,---,---,1,1,1,---,FF,---,,
270,---,0,---,---,1,1,1,---,FF,---,,
271,---,0,---,---,1,1,1,---,FF,---,,
272,---,0,---,---,1,1,1,---,FF,---,,
273,---,0,---,---,1,1,1,---,FF,---,,
274,---,0,---,---,1,1,1,---,FF,---,,
275,---,0,---,---,1,1,1,---,FF,---,,
276,---,0,---,---,1,1,1,---,FF,---,,
277,---,0,---,---,1,1,1,---,FF,---,,
278,---,0,---,---,1,1,1,---,FF,---,,
279,---,0,---,---,1,1,1,---,FF,---,,
27A,---,0,---,---,1,1,1,---,FF,---,,
27B,---,0,---,---,1,1,1,---,FF,---,,
27C,---,0,---,---,1,1,1,---,FF,---,,
27D,---,0,---,---,1,1,1,---,FF,---,,
27E,---,0,---,---,1,1,1,---,FF,---,,
27F,---,0,---,---,1,1,1,---,FF,---,,
280,---,0,---,---,1,1,1,---,FF,---,,
281,---,0,---,---,1,1,1,---,FF,---,,
282,---,0,---,---,1,1,1,---,FF,---,,
283,---,0,---,---,1,1,1,---,FF,---,,
284,---,0,---,---,1,1,1,---,FF,---,,
285,---,0,---,---,1,1,1,---,FF,---,,
286,---,0,---,---,1,1,1,---,FF,---,,
287,---,0,---,---,1,1,1,---,FF,---,,
288,---,0,---,---,1,1,1,---,FF,---,,
289,---,0,---,---,1,1,1,---,FF,---,,
28A,---,0,---,---,1,1,1,---,FF,---,,
28B,---,0,---,---,1,1,1,---,FF,---,,
28C,---,0,---,---,1,1,1,---,FF,---,,
28D,---,0,---,---,1,1,1,---,FF,---,,
28E,---,0,---,---,1,1,1,---,FF,---,,
28F,---,0,---,---,1,1,1,---,FF,---,,
290,---,0,---,---,1,1,1,---,FF,---,,
291,---,0,---,---,1,1,1,---,FF,---,,
292,---,0,---,---,1,1,1,---,FF,---,,
293,---,0,---,---,1,1,1,---,FF,---,,
294,---,0,---,---,1,1,1,---,FF,---,,
295,---,0,---,---,1,1,1,---,FF,---,,
296,---,0,---,---,1,1,1,---,FF,---,,
297,---,0,---,---,1,1,1,---,FF,---,,
298,---,0,---,---,1,1,1,---,FF,---,,
299,---,0,---,---,1,1,1,---,FF,---,,
29A,---,0,---,---,1,1,1,---,FF,---,,
29B,---,0,---,---,1,1,1,---,FF,---,,
29C,---,0,---,---,1,1,1,---,FF,---,,
29D,---,0,---,---,1,1,1,---,FF,---,,
29E,---,0,---,---,1,1,1,---,FF,---,,
29F,---,0,---,---,1,1,1,---,FF,---,,
2A0,---,0,---,---,1,1,1,---,FF,---,,
2A1,---,0,---,---,1,1,1,---,FF,---,,
2A2,---,0,---,---,1,1,1,---,FF,---,,
2A3,---,0,---,---,1,1,1,---,FF,---,,
2A4,---,0,---,---,1,1,1,---,FF,---,,
2A5,---,0,---,---,1,1,1,---,FF,---,,
2A6,---,0,---,---,1,1,1,---,FF,---,,
2A7,---,0,---,---,1,1,1,---,FF,---,,
2A8,---,0,---,---,1,1,1,---,FF,---,,
2A9,---,0,---,---,1,1,1,---,FF,---,,
2AA,---,0,---,---,1,1,1,---,FF,---,,
2AB,---,0,---,---,1,1,1,---,FF,---,,
2AC,---,0,---,---,1,1,1,---,FF,---,,
2AD,---,0,---,---,1,1,1,---,FF,---,,
2AE,---,0,---,---,1,1,1,---,FF,---,,
2AF,---,0,---,---,1,1,1,---,FF,---,,
2B0,---,0,---,---,1,1,1,---,FF,---,,
2B1,---,0,---,---,1,1,1,---,FF,---,,
2B2,---,0,---,---,1,1,1,---,FF,---,,
2B3,---,0,---,---,1,1,1,---,FF,---,,
2B4,---,0,---,---,1,1,1,---,FF,---,,
2B5,---,0,---,---,1,1,1,---,FF,---,,
2B6,---,0,---,---,1,1,1,---,FF,---,,
2B7,---,0,---,---,1,1,1,---,FF,---,,
2B8,---,0,---,---,1,1,1,---,FF,---,,
2B9,---,0,---,---,1,1,1,---,FF,---,,
2BA,---,0,---,---,1,1,1,---,FF,---,,
2BB,---,0,---,---,1,1,1,---,FF,---,,